<?xml version="1.0" encoding="UTF-8"?>
<beans xmlns="http://www.springframework.org/schema/beans"
	xmlns:xsi="http://www.w3.org/2001/XMLSchema-instance"
	xsi:schemaLocation="http://www.springframework.org/schema/beans http://www.springframework.org/schema/beans/spring-beans-3.0.xsd">

	<bean id="parent" class="com.cg.demo.Employee">
			<property name="name">
				<value>Sagar</value>
			</property>
			<property name="age">
				<value>38</value>
			</property>
	</bean>
	
	<bean id="child" class="com.cg.demo.Employee" parent="parent">
		<property name="age">
			<value>22</value>
		</property>
	</bean>
</beans>
