<?xml version="1.0" encoding="UTF-8"?>
<!DOCTYPE beans PUBLIC "-//SPRING//DTD BEAN 2.0//EN" "http://www.springframework.org/dtd/spring-beans-2.0.dtd" >
<beans>
	<bean id="employee" class="com.cg.demo.Employee">
		<property name="name">
		<value>Renu</value>
		</property>
		<property name="age">
		<value> 8 </value>
		</property>
		<property name="height">
		<value>3.2</value>
		</property>
		<property name="programmer">
		<value>true</value>
		</property>
		<property name="department">
		<ref bean="department"/>
		</property>
	</bean>
	<bean id="department" class="com.cg.demo.Department">
		<property name="name" >
		<value>TDE Java</value>
		</property>
	</bean>
</beans>
